处理版本,数据范围,页号,水位,视频序号,视频,NPZ路径,逐帧CSV路径,逐列CSV路径,审核PNG路径,宫格序号,帧号,时间_s,fps,视频总帧数,宽_px,ROI_top,ROI_bot,base_y,raw_y有效中位数,final_y有效中位数,final_y有效列,final_y_NaN列,final_y来源_raw列,final_y来源_空间插值列,final_y来源_无效NaN列,无效列数,无效列占比,修正列数,修正列占比,最长连续修正列,最长连续修正占比,最长连续无效列,最长连续无效占比,可靠性P10,可靠性中位数,风险等级,风险分,风险原因,整帧无效列,候选弱响应列,泡泡墙纹降权列,反光降权列,端部边界列,ROI边界列,局部跳变列,离群尖峰列,高水位上浮防护列,下方亮块防护列,备注
batch_waterline_reprocess_v5_regiondp_b.0,v4_manifest抽样帧/回归集,0008,4.4,1,D:\虚拟C盘\5.6实验\4.4\6.mp4,D:\虚拟C盘\5.6实验\水线重处理_v5_regiondp_b_回归集_20260507_193627\同源数据\0008__水位_4.4cm__视频01_6__水线重处理_v5_regiondp_b__同源final_y抽样帧数据.npz,D:\虚拟C盘\5.6实验\水线重处理_v5_regiondp_b_回归集_20260507_193627\同源数据\0008__水位_4.4cm__视频01_6__水线重处理_v5_regiondp_b__逐帧汇总.csv,D:\虚拟C盘\5.6实验\水线重处理_v5_regiondp_b_回归集_20260507_193627\同源数据\0008__水位_4.4cm__视频01_6__水线重处理_v5_regiondp_b__逐列数据.csv,D:\虚拟C盘\5.6实验\水线重处理_v5_regiondp_b_回归集_20260507_193627\审核图集\0008__水位_4.4cm__视频01_6__水线重处理_v5_regiondp_b__审核图.png,1,0,0.0000,29.000066,136,1280,240.00,334.00,277.00,278.5000,278.5000,1144,136,1144,0,136,136,0.1062,136,0.1062,119,0.0930,119,0.0930,0.4742,0.9740,低风险,11.13,候选弱响应128列；泡泡/墙纹降权276列,0,128,276,0,0,0,0,0,0,0,regiondp_b：先以区域主水体灰绿边界建代价，再做列向动态规划；泡泡/墙纹/反光在候选阶段加代价，invalid_mask 列的 final_y_px 写 NaN；低中水位对下方亮块设置偏下惩罚
batch_waterline_reprocess_v5_regiondp_b.0,v4_manifest抽样帧/回归集,0008,4.4,1,D:\虚拟C盘\5.6实验\4.4\6.mp4,D:\虚拟C盘\5.6实验\水线重处理_v5_regiondp_b_回归集_20260507_193627\同源数据\0008__水位_4.4cm__视频01_6__水线重处理_v5_regiondp_b__同源final_y抽样帧数据.npz,D:\虚拟C盘\5.6实验\水线重处理_v5_regiondp_b_回归集_20260507_193627\同源数据\0008__水位_4.4cm__视频01_6__水线重处理_v5_regiondp_b__逐帧汇总.csv,D:\虚拟C盘\5.6实验\水线重处理_v5_regiondp_b_回归集_20260507_193627\同源数据\0008__水位_4.4cm__视频01_6__水线重处理_v5_regiondp_b__逐列数据.csv,D:\虚拟C盘\5.6实验\水线重处理_v5_regiondp_b_回归集_20260507_193627\审核图集\0008__水位_4.4cm__视频01_6__水线重处理_v5_regiondp_b__审核图.png,2,17,0.5862,29.000066,136,1280,241.00,335.00,278.00,279.5000,279.3713,1158,122,1158,0,122,122,0.0953,122,0.0953,117,0.0914,117,0.0914,0.4061,0.9782,低风险,10.37,候选弱响应114列；泡泡/墙纹降权241列；反光降权23列,0,114,241,23,0,0,0,0,0,0,regiondp_b：先以区域主水体灰绿边界建代价，再做列向动态规划；泡泡/墙纹/反光在候选阶段加代价，invalid_mask 列的 final_y_px 写 NaN；低中水位对下方亮块设置偏下惩罚
batch_waterline_reprocess_v5_regiondp_b.0,v4_manifest抽样帧/回归集,0008,4.4,1,D:\虚拟C盘\5.6实验\4.4\6.mp4,D:\虚拟C盘\5.6实验\水线重处理_v5_regiondp_b_回归集_20260507_193627\同源数据\0008__水位_4.4cm__视频01_6__水线重处理_v5_regiondp_b__同源final_y抽样帧数据.npz,D:\虚拟C盘\5.6实验\水线重处理_v5_regiondp_b_回归集_20260507_193627\同源数据\0008__水位_4.4cm__视频01_6__水线重处理_v5_regiondp_b__逐帧汇总.csv,D:\虚拟C盘\5.6实验\水线重处理_v5_regiondp_b_回归集_20260507_193627\同源数据\0008__水位_4.4cm__视频01_6__水线重处理_v5_regiondp_b__逐列数据.csv,D:\虚拟C盘\5.6实验\水线重处理_v5_regiondp_b_回归集_20260507_193627\审核图集\0008__水位_4.4cm__视频01_6__水线重处理_v5_regiondp_b__审核图.png,3,34,1.1724,29.000066,136,1280,241.00,335.00,278.00,278.5000,278.5000,1152,128,1152,0,128,128,0.1000,128,0.1000,128,0.1000,128,0.1000,0.5115,0.9702,低风险,10.68,候选弱响应142列；泡泡/墙纹降权361列,0,142,361,0,0,0,0,0,0,0,regiondp_b：先以区域主水体灰绿边界建代价，再做列向动态规划；泡泡/墙纹/反光在候选阶段加代价，invalid_mask 列的 final_y_px 写 NaN；低中水位对下方亮块设置偏下惩罚
batch_waterline_reprocess_v5_regiondp_b.0,v4_manifest抽样帧/回归集,0008,4.4,1,D:\虚拟C盘\5.6实验\4.4\6.mp4,D:\虚拟C盘\5.6实验\水线重处理_v5_regiondp_b_回归集_20260507_193627\同源数据\0008__水位_4.4cm__视频01_6__水线重处理_v5_regiondp_b__同源final_y抽样帧数据.npz,D:\虚拟C盘\5.6实验\水线重处理_v5_regiondp_b_回归集_20260507_193627\同源数据\0008__水位_4.4cm__视频01_6__水线重处理_v5_regiondp_b__逐帧汇总.csv,D:\虚拟C盘\5.6实验\水线重处理_v5_regiondp_b_回归集_20260507_193627\同源数据\0008__水位_4.4cm__视频01_6__水线重处理_v5_regiondp_b__逐列数据.csv,D:\虚拟C盘\5.6实验\水线重处理_v5_regiondp_b_回归集_20260507_193627\审核图集\0008__水位_4.4cm__视频01_6__水线重处理_v5_regiondp_b__审核图.png,4,51,1.7586,29.000066,136,1280,240.00,334.00,277.00,280.5000,280.5758,1141,139,1141,0,139,139,0.1086,139,0.1086,71,0.0555,71,0.0555,0.3797,0.9588,低风险,12.06,候选弱响应133列；泡泡/墙纹降权372列；反光降权46列,0,133,372,46,0,0,0,0,0,0,regiondp_b：先以区域主水体灰绿边界建代价，再做列向动态规划；泡泡/墙纹/反光在候选阶段加代价，invalid_mask 列的 final_y_px 写 NaN；低中水位对下方亮块设置偏下惩罚
batch_waterline_reprocess_v5_regiondp_b.0,v4_manifest抽样帧/回归集,0008,4.4,1,D:\虚拟C盘\5.6实验\4.4\6.mp4,D:\虚拟C盘\5.6实验\水线重处理_v5_regiondp_b_回归集_20260507_193627\同源数据\0008__水位_4.4cm__视频01_6__水线重处理_v5_regiondp_b__同源final_y抽样帧数据.npz,D:\虚拟C盘\5.6实验\水线重处理_v5_regiondp_b_回归集_20260507_193627\同源数据\0008__水位_4.4cm__视频01_6__水线重处理_v5_regiondp_b__逐帧汇总.csv,D:\虚拟C盘\5.6实验\水线重处理_v5_regiondp_b_回归集_20260507_193627\同源数据\0008__水位_4.4cm__视频01_6__水线重处理_v5_regiondp_b__逐列数据.csv,D:\虚拟C盘\5.6实验\水线重处理_v5_regiondp_b_回归集_20260507_193627\审核图集\0008__水位_4.4cm__视频01_6__水线重处理_v5_regiondp_b__审核图.png,5,68,2.3448,29.000066,136,1280,239.00,333.00,276.00,276.5000,277.0497,1280,0,1280,0,0,0,0.0000,0,0.0000,0,0.0000,0,0.0000,0.0000,0.8604,低风险,19.40,候选弱响应136列；泡泡/墙纹降权223列；反光降权21列；可靠性P10偏低,0,136,223,21,0,0,0,0,0,0,regiondp_b：先以区域主水体灰绿边界建代价，再做列向动态规划；泡泡/墙纹/反光在候选阶段加代价，invalid_mask 列的 final_y_px 写 NaN；低中水位对下方亮块设置偏下惩罚
batch_waterline_reprocess_v5_regiondp_b.0,v4_manifest抽样帧/回归集,0008,4.4,1,D:\虚拟C盘\5.6实验\4.4\6.mp4,D:\虚拟C盘\5.6实验\水线重处理_v5_regiondp_b_回归集_20260507_193627\同源数据\0008__水位_4.4cm__视频01_6__水线重处理_v5_regiondp_b__同源final_y抽样帧数据.npz,D:\虚拟C盘\5.6实验\水线重处理_v5_regiondp_b_回归集_20260507_193627\同源数据\0008__水位_4.4cm__视频01_6__水线重处理_v5_regiondp_b__逐帧汇总.csv,D:\虚拟C盘\5.6实验\水线重处理_v5_regiondp_b_回归集_20260507_193627\同源数据\0008__水位_4.4cm__视频01_6__水线重处理_v5_regiondp_b__逐列数据.csv,D:\虚拟C盘\5.6实验\水线重处理_v5_regiondp_b_回归集_20260507_193627\审核图集\0008__水位_4.4cm__视频01_6__水线重处理_v5_regiondp_b__审核图.png,6,84,2.8965,29.000066,136,1280,256.00,350.00,293.00,292.5000,292.2654,1141,139,1141,0,139,139,0.1086,139,0.1086,67,0.0523,67,0.0523,0.1534,0.8420,低风险,23.30,候选弱响应118列；泡泡/墙纹降权108列；反光降权248列；端部边界39列；可靠性P10偏低,0,118,108,248,39,0,0,0,0,0,regiondp_b：先以区域主水体灰绿边界建代价，再做列向动态规划；泡泡/墙纹/反光在候选阶段加代价，invalid_mask 列的 final_y_px 写 NaN；低中水位对下方亮块设置偏下惩罚
batch_waterline_reprocess_v5_regiondp_b.0,v4_manifest抽样帧/回归集,0008,4.4,1,D:\虚拟C盘\5.6实验\4.4\6.mp4,D:\虚拟C盘\5.6实验\水线重处理_v5_regiondp_b_回归集_20260507_193627\同源数据\0008__水位_4.4cm__视频01_6__水线重处理_v5_regiondp_b__同源final_y抽样帧数据.npz,D:\虚拟C盘\5.6实验\水线重处理_v5_regiondp_b_回归集_20260507_193627\同源数据\0008__水位_4.4cm__视频01_6__水线重处理_v5_regiondp_b__逐帧汇总.csv,D:\虚拟C盘\5.6实验\水线重处理_v5_regiondp_b_回归集_20260507_193627\同源数据\0008__水位_4.4cm__视频01_6__水线重处理_v5_regiondp_b__逐列数据.csv,D:\虚拟C盘\5.6实验\水线重处理_v5_regiondp_b_回归集_20260507_193627\审核图集\0008__水位_4.4cm__视频01_6__水线重处理_v5_regiondp_b__审核图.png,7,101,3.4828,29.000066,136,1280,259.00,353.00,296.00,295.5000,295.7103,1108,172,1108,0,172,172,0.1344,172,0.1344,58,0.0453,58,0.0453,0.0990,0.8833,低风险,25.13,候选弱响应147列；泡泡/墙纹降权316列；反光降权332列；可靠性P10偏低,0,147,316,332,0,0,0,0,0,0,regiondp_b：先以区域主水体灰绿边界建代价，再做列向动态规划；泡泡/墙纹/反光在候选阶段加代价，invalid_mask 列的 final_y_px 写 NaN；低中水位对下方亮块设置偏下惩罚
batch_waterline_reprocess_v5_regiondp_b.0,v4_manifest抽样帧/回归集,0008,4.4,1,D:\虚拟C盘\5.6实验\4.4\6.mp4,D:\虚拟C盘\5.6实验\水线重处理_v5_regiondp_b_回归集_20260507_193627\同源数据\0008__水位_4.4cm__视频01_6__水线重处理_v5_regiondp_b__同源final_y抽样帧数据.npz,D:\虚拟C盘\5.6实验\水线重处理_v5_regiondp_b_回归集_20260507_193627\同源数据\0008__水位_4.4cm__视频01_6__水线重处理_v5_regiondp_b__逐帧汇总.csv,D:\虚拟C盘\5.6实验\水线重处理_v5_regiondp_b_回归集_20260507_193627\同源数据\0008__水位_4.4cm__视频01_6__水线重处理_v5_regiondp_b__逐列数据.csv,D:\虚拟C盘\5.6实验\水线重处理_v5_regiondp_b_回归集_20260507_193627\审核图集\0008__水位_4.4cm__视频01_6__水线重处理_v5_regiondp_b__审核图.png,8,118,4.0690,29.000066,136,1280,209.00,303.00,246.00,246.5000,246.7184,1215,65,1215,0,65,65,0.0508,65,0.0508,33,0.0258,33,0.0258,0.0000,0.5163,低风险,24.85,候选弱响应214列；泡泡/墙纹降权53列；端部边界35列；可靠性P10偏低,0,214,53,0,35,0,0,0,0,0,regiondp_b：先以区域主水体灰绿边界建代价，再做列向动态规划；泡泡/墙纹/反光在候选阶段加代价，invalid_mask 列的 final_y_px 写 NaN；低中水位对下方亮块设置偏下惩罚
batch_waterline_reprocess_v5_regiondp_b.0,v4_manifest抽样帧/回归集,0008,4.4,1,D:\虚拟C盘\5.6实验\4.4\6.mp4,D:\虚拟C盘\5.6实验\水线重处理_v5_regiondp_b_回归集_20260507_193627\同源数据\0008__水位_4.4cm__视频01_6__水线重处理_v5_regiondp_b__同源final_y抽样帧数据.npz,D:\虚拟C盘\5.6实验\水线重处理_v5_regiondp_b_回归集_20260507_193627\同源数据\0008__水位_4.4cm__视频01_6__水线重处理_v5_regiondp_b__逐帧汇总.csv,D:\虚拟C盘\5.6实验\水线重处理_v5_regiondp_b_回归集_20260507_193627\同源数据\0008__水位_4.4cm__视频01_6__水线重处理_v5_regiondp_b__逐列数据.csv,D:\虚拟C盘\5.6实验\水线重处理_v5_regiondp_b_回归集_20260507_193627\审核图集\0008__水位_4.4cm__视频01_6__水线重处理_v5_regiondp_b__审核图.png,9,135,4.6552,29.000066,136,1280,242.00,336.00,279.00,285.5000,285.6188,1152,128,1152,0,128,128,0.1000,128,0.1000,99,0.0773,99,0.0773,0.3761,0.9491,低风险,11.01,候选弱响应110列；泡泡/墙纹降权392列；反光降权23列,0,110,392,23,0,0,0,0,0,0,regiondp_b：先以区域主水体灰绿边界建代价，再做列向动态规划；泡泡/墙纹/反光在候选阶段加代价，invalid_mask 列的 final_y_px 写 NaN；低中水位对下方亮块设置偏下惩罚
batch_waterline_reprocess_v5_regiondp_b.0,v4_manifest抽样帧/回归集,0009,5.0,1,D:\虚拟C盘\5.6实验\5.0\a75c530c575b8e744ff1fec22571591e.mp4,D:\虚拟C盘\5.6实验\水线重处理_v5_regiondp_b_回归集_20260507_193627\同源数据\0009__水位_5.0cm__视频01_a75c530c575b8e744ff1fec22571591e__水线重处理_v5_regiondp_b__同源final_y抽样帧数据.npz,D:\虚拟C盘\5.6实验\水线重处理_v5_regiondp_b_回归集_20260507_193627\同源数据\0009__水位_5.0cm__视频01_a75c530c575b8e744ff1fec22571591e__水线重处理_v5_regiondp_b__逐帧汇总.csv,D:\虚拟C盘\5.6实验\水线重处理_v5_regiondp_b_回归集_20260507_193627\同源数据\0009__水位_5.0cm__视频01_a75c530c575b8e744ff1fec22571591e__水线重处理_v5_regiondp_b__逐列数据.csv,D:\虚拟C盘\5.6实验\水线重处理_v5_regiondp_b_回归集_20260507_193627\审核图集\0009__水位_5.0cm__视频01_a75c530c575b8e744ff1fec22571591e__水线重处理_v5_regiondp_b__审核图.png,1,0,0.0000,30.000000,111,1280,104.00,198.00,141.00,141.5000,141.5000,1255,25,1255,0,25,25,0.0195,25,0.0195,25,0.0195,25,0.0195,0.1310,0.6504,低风险,13.66,候选弱响应137列；泡泡/墙纹降权190列；可靠性P10偏低,0,137,190,0,0,0,0,0,0,0,regiondp_b：先以区域主水体灰绿边界建代价，再做列向动态规划；泡泡/墙纹/反光在候选阶段加代价，invalid_mask 列的 final_y_px 写 NaN；低中水位对下方亮块设置偏下惩罚
batch_waterline_reprocess_v5_regiondp_b.0,v4_manifest抽样帧/回归集,0009,5.0,1,D:\虚拟C盘\5.6实验\5.0\a75c530c575b8e744ff1fec22571591e.mp4,D:\虚拟C盘\5.6实验\水线重处理_v5_regiondp_b_回归集_20260507_193627\同源数据\0009__水位_5.0cm__视频01_a75c530c575b8e744ff1fec22571591e__水线重处理_v5_regiondp_b__同源final_y抽样帧数据.npz,D:\虚拟C盘\5.6实验\水线重处理_v5_regiondp_b_回归集_20260507_193627\同源数据\0009__水位_5.0cm__视频01_a75c530c575b8e744ff1fec22571591e__水线重处理_v5_regiondp_b__逐帧汇总.csv,D:\虚拟C盘\5.6实验\水线重处理_v5_regiondp_b_回归集_20260507_193627\同源数据\0009__水位_5.0cm__视频01_a75c530c575b8e744ff1fec22571591e__水线重处理_v5_regiondp_b__逐列数据.csv,D:\虚拟C盘\5.6实验\水线重处理_v5_regiondp_b_回归集_20260507_193627\审核图集\0009__水位_5.0cm__视频01_a75c530c575b8e744ff1fec22571591e__水线重处理_v5_regiondp_b__审核图.png,2,14,0.4667,30.000000,111,1280,216.00,289.00,253.00,254.5000,254.4702,918,362,918,0,362,362,0.2828,0,0.0000,0,0.0000,212,0.1656,0.0000,0.9368,中风险,43.06,候选弱响应560列；反光降权359列；端部边界88列；无效列占比偏高；连续无效段偏长；可靠性P10偏低,0,560,0,359,88,0,0,0,0,0,regiondp_b：先以区域主水体灰绿边界建代价，再做列向动态规划；泡泡/墙纹/反光在候选阶段加代价，invalid_mask 列的 final_y_px 写 NaN；低中水位对下方亮块设置偏下惩罚
batch_waterline_reprocess_v5_regiondp_b.0,v4_manifest抽样帧/回归集,0009,5.0,1,D:\虚拟C盘\5.6实验\5.0\a75c530c575b8e744ff1fec22571591e.mp4,D:\虚拟C盘\5.6实验\水线重处理_v5_regiondp_b_回归集_20260507_193627\同源数据\0009__水位_5.0cm__视频01_a75c530c575b8e744ff1fec22571591e__水线重处理_v5_regiondp_b__同源final_y抽样帧数据.npz,D:\虚拟C盘\5.6实验\水线重处理_v5_regiondp_b_回归集_20260507_193627\同源数据\0009__水位_5.0cm__视频01_a75c530c575b8e744ff1fec22571591e__水线重处理_v5_regiondp_b__逐帧汇总.csv,D:\虚拟C盘\5.6实验\水线重处理_v5_regiondp_b_回归集_20260507_193627\同源数据\0009__水位_5.0cm__视频01_a75c530c575b8e744ff1fec22571591e__水线重处理_v5_regiondp_b__逐列数据.csv,D:\虚拟C盘\5.6实验\水线重处理_v5_regiondp_b_回归集_20260507_193627\审核图集\0009__水位_5.0cm__视频01_a75c530c575b8e744ff1fec22571591e__水线重处理_v5_regiondp_b__审核图.png,3,28,0.9333,30.000000,111,1280,218.00,289.00,255.00,257.5000,257.1607,927,353,927,0,353,353,0.2758,0,0.0000,0,0.0000,208,0.1625,0.0000,0.9704,中风险,42.47,候选弱响应546列；反光降权332列；端部边界88列；无效列占比偏高；连续无效段偏长；可靠性P10偏低,0,546,0,332,88,0,0,0,0,0,regiondp_b：先以区域主水体灰绿边界建代价，再做列向动态规划；泡泡/墙纹/反光在候选阶段加代价，invalid_mask 列的 final_y_px 写 NaN；低中水位对下方亮块设置偏下惩罚
batch_waterline_reprocess_v5_regiondp_b.0,v4_manifest抽样帧/回归集,0009,5.0,1,D:\虚拟C盘\5.6实验\5.0\a75c530c575b8e744ff1fec22571591e.mp4,D:\虚拟C盘\5.6实验\水线重处理_v5_regiondp_b_回归集_20260507_193627\同源数据\0009__水位_5.0cm__视频01_a75c530c575b8e744ff1fec22571591e__水线重处理_v5_regiondp_b__同源final_y抽样帧数据.npz,D:\虚拟C盘\5.6实验\水线重处理_v5_regiondp_b_回归集_20260507_193627\同源数据\0009__水位_5.0cm__视频01_a75c530c575b8e744ff1fec22571591e__水线重处理_v5_regiondp_b__逐帧汇总.csv,D:\虚拟C盘\5.6实验\水线重处理_v5_regiondp_b_回归集_20260507_193627\同源数据\0009__水位_5.0cm__视频01_a75c530c575b8e744ff1fec22571591e__水线重处理_v5_regiondp_b__逐列数据.csv,D:\虚拟C盘\5.6实验\水线重处理_v5_regiondp_b_回归集_20260507_193627\审核图集\0009__水位_5.0cm__视频01_a75c530c575b8e744ff1fec22571591e__水线重处理_v5_regiondp_b__审核图.png,4,41,1.3667,30.000000,111,1280,220.00,289.00,257.00,258.5000,258.4832,936,344,936,0,344,344,0.2687,0,0.0000,0,0.0000,209,0.1633,0.0000,0.9616,中风险,42.06,候选弱响应533列；反光降权337列；端部边界88列；无效列占比偏高；连续无效段偏长；可靠性P10偏低,0,533,0,337,88,0,0,0,0,0,regiondp_b：先以区域主水体灰绿边界建代价，再做列向动态规划；泡泡/墙纹/反光在候选阶段加代价，invalid_mask 列的 final_y_px 写 NaN；低中水位对下方亮块设置偏下惩罚
batch_waterline_reprocess_v5_regiondp_b.0,v4_manifest抽样帧/回归集,0009,5.0,1,D:\虚拟C盘\5.6实验\5.0\a75c530c575b8e744ff1fec22571591e.mp4,D:\虚拟C盘\5.6实验\水线重处理_v5_regiondp_b_回归集_20260507_193627\同源数据\0009__水位_5.0cm__视频01_a75c530c575b8e744ff1fec22571591e__水线重处理_v5_regiondp_b__同源final_y抽样帧数据.npz,D:\虚拟C盘\5.6实验\水线重处理_v5_regiondp_b_回归集_20260507_193627\同源数据\0009__水位_5.0cm__视频01_a75c530c575b8e744ff1fec22571591e__水线重处理_v5_regiondp_b__逐帧汇总.csv,D:\虚拟C盘\5.6实验\水线重处理_v5_regiondp_b_回归集_20260507_193627\同源数据\0009__水位_5.0cm__视频01_a75c530c575b8e744ff1fec22571591e__水线重处理_v5_regiondp_b__逐列数据.csv,D:\虚拟C盘\5.6实验\水线重处理_v5_regiondp_b_回归集_20260507_193627\审核图集\0009__水位_5.0cm__视频01_a75c530c575b8e744ff1fec22571591e__水线重处理_v5_regiondp_b__审核图.png,5,55,1.8333,30.000000,111,1280,222.00,289.00,259.00,260.5000,260.6149,918,362,918,0,362,362,0.2828,0,0.0000,0,0.0000,215,0.1680,0.0000,0.9655,中风险,43.15,候选弱响应551列；反光降权338列；端部边界88列；无效列占比偏高；连续无效段偏长；可靠性P10偏低,0,551,0,338,88,0,0,0,0,0,regiondp_b：先以区域主水体灰绿边界建代价，再做列向动态规划；泡泡/墙纹/反光在候选阶段加代价，invalid_mask 列的 final_y_px 写 NaN；低中水位对下方亮块设置偏下惩罚
batch_waterline_reprocess_v5_regiondp_b.0,v4_manifest抽样帧/回归集,0009,5.0,1,D:\虚拟C盘\5.6实验\5.0\a75c530c575b8e744ff1fec22571591e.mp4,D:\虚拟C盘\5.6实验\水线重处理_v5_regiondp_b_回归集_20260507_193627\同源数据\0009__水位_5.0cm__视频01_a75c530c575b8e744ff1fec22571591e__水线重处理_v5_regiondp_b__同源final_y抽样帧数据.npz,D:\虚拟C盘\5.6实验\水线重处理_v5_regiondp_b_回归集_20260507_193627\同源数据\0009__水位_5.0cm__视频01_a75c530c575b8e744ff1fec22571591e__水线重处理_v5_regiondp_b__逐帧汇总.csv,D:\虚拟C盘\5.6实验\水线重处理_v5_regiondp_b_回归集_20260507_193627\同源数据\0009__水位_5.0cm__视频01_a75c530c575b8e744ff1fec22571591e__水线重处理_v5_regiondp_b__逐列数据.csv,D:\虚拟C盘\5.6实验\水线重处理_v5_regiondp_b_回归集_20260507_193627\审核图集\0009__水位_5.0cm__视频01_a75c530c575b8e744ff1fec22571591e__水线重处理_v5_regiondp_b__审核图.png,6,69,2.3000,30.000000,111,1280,224.00,289.00,261.00,262.5000,262.7513,917,363,917,0,363,363,0.2836,0,0.0000,0,0.0000,215,0.1680,0.0000,0.9639,中风险,43.20,候选弱响应556列；反光降权342列；端部边界88列；无效列占比偏高；连续无效段偏长；可靠性P10偏低,0,556,0,342,88,0,0,0,0,0,regiondp_b：先以区域主水体灰绿边界建代价，再做列向动态规划；泡泡/墙纹/反光在候选阶段加代价，invalid_mask 列的 final_y_px 写 NaN；低中水位对下方亮块设置偏下惩罚
batch_waterline_reprocess_v5_regiondp_b.0,v4_manifest抽样帧/回归集,0009,5.0,1,D:\虚拟C盘\5.6实验\5.0\a75c530c575b8e744ff1fec22571591e.mp4,D:\虚拟C盘\5.6实验\水线重处理_v5_regiondp_b_回归集_20260507_193627\同源数据\0009__水位_5.0cm__视频01_a75c530c575b8e744ff1fec22571591e__水线重处理_v5_regiondp_b__同源final_y抽样帧数据.npz,D:\虚拟C盘\5.6实验\水线重处理_v5_regiondp_b_回归集_20260507_193627\同源数据\0009__水位_5.0cm__视频01_a75c530c575b8e744ff1fec22571591e__水线重处理_v5_regiondp_b__逐帧汇总.csv,D:\虚拟C盘\5.6实验\水线重处理_v5_regiondp_b_回归集_20260507_193627\同源数据\0009__水位_5.0cm__视频01_a75c530c575b8e744ff1fec22571591e__水线重处理_v5_regiondp_b__逐列数据.csv,D:\虚拟C盘\5.6实验\水线重处理_v5_regiondp_b_回归集_20260507_193627\审核图集\0009__水位_5.0cm__视频01_a75c530c575b8e744ff1fec22571591e__水线重处理_v5_regiondp_b__审核图.png,7,82,2.7333,30.000000,111,1280,224.00,289.00,261.00,263.5000,263.5586,914,366,914,0,366,366,0.2859,0,0.0000,0,0.0000,219,0.1711,0.0000,0.9577,中风险,43.49,候选弱响应547列；反光降权343列；端部边界88列；无效列占比偏高；连续无效段偏长；可靠性P10偏低,0,547,0,343,88,0,0,0,0,0,regiondp_b：先以区域主水体灰绿边界建代价，再做列向动态规划；泡泡/墙纹/反光在候选阶段加代价，invalid_mask 列的 final_y_px 写 NaN；低中水位对下方亮块设置偏下惩罚
batch_waterline_reprocess_v5_regiondp_b.0,v4_manifest抽样帧/回归集,0009,5.0,1,D:\虚拟C盘\5.6实验\5.0\a75c530c575b8e744ff1fec22571591e.mp4,D:\虚拟C盘\5.6实验\水线重处理_v5_regiondp_b_回归集_20260507_193627\同源数据\0009__水位_5.0cm__视频01_a75c530c575b8e744ff1fec22571591e__水线重处理_v5_regiondp_b__同源final_y抽样帧数据.npz,D:\虚拟C盘\5.6实验\水线重处理_v5_regiondp_b_回归集_20260507_193627\同源数据\0009__水位_5.0cm__视频01_a75c530c575b8e744ff1fec22571591e__水线重处理_v5_regiondp_b__逐帧汇总.csv,D:\虚拟C盘\5.6实验\水线重处理_v5_regiondp_b_回归集_20260507_193627\同源数据\0009__水位_5.0cm__视频01_a75c530c575b8e744ff1fec22571591e__水线重处理_v5_regiondp_b__逐列数据.csv,D:\虚拟C盘\5.6实验\水线重处理_v5_regiondp_b_回归集_20260507_193627\审核图集\0009__水位_5.0cm__视频01_a75c530c575b8e744ff1fec22571591e__水线重处理_v5_regiondp_b__审核图.png,8,96,3.2000,30.000000,111,1280,226.00,289.00,263.00,264.5000,264.5143,920,360,920,0,360,360,0.2812,0,0.0000,0,0.0000,218,0.1703,0.0000,0.9703,中风险,43.15,候选弱响应547列；反光降权342列；端部边界88列；无效列占比偏高；连续无效段偏长；可靠性P10偏低,0,547,0,342,88,0,0,0,0,0,regiondp_b：先以区域主水体灰绿边界建代价，再做列向动态规划；泡泡/墙纹/反光在候选阶段加代价，invalid_mask 列的 final_y_px 写 NaN；低中水位对下方亮块设置偏下惩罚
batch_waterline_reprocess_v5_regiondp_b.0,v4_manifest抽样帧/回归集,0009,5.0,1,D:\虚拟C盘\5.6实验\5.0\a75c530c575b8e744ff1fec22571591e.mp4,D:\虚拟C盘\5.6实验\水线重处理_v5_regiondp_b_回归集_20260507_193627\同源数据\0009__水位_5.0cm__视频01_a75c530c575b8e744ff1fec22571591e__水线重处理_v5_regiondp_b__同源final_y抽样帧数据.npz,D:\虚拟C盘\5.6实验\水线重处理_v5_regiondp_b_回归集_20260507_193627\同源数据\0009__水位_5.0cm__视频01_a75c530c575b8e744ff1fec22571591e__水线重处理_v5_regiondp_b__逐帧汇总.csv,D:\虚拟C盘\5.6实验\水线重处理_v5_regiondp_b_回归集_20260507_193627\同源数据\0009__水位_5.0cm__视频01_a75c530c575b8e744ff1fec22571591e__水线重处理_v5_regiondp_b__逐列数据.csv,D:\虚拟C盘\5.6实验\水线重处理_v5_regiondp_b_回归集_20260507_193627\审核图集\0009__水位_5.0cm__视频01_a75c530c575b8e744ff1fec22571591e__水线重处理_v5_regiondp_b__审核图.png,9,110,3.6667,30.000000,111,1280,226.00,289.00,263.00,264.5000,264.6081,935,345,935,0,345,345,0.2695,0,0.0000,0,0.0000,211,0.1648,0.0000,0.9667,中风险,42.17,候选弱响应542列；反光降权334列；端部边界88列；无效列占比偏高；连续无效段偏长；可靠性P10偏低,0,542,0,334,88,0,0,0,0,0,regiondp_b：先以区域主水体灰绿边界建代价，再做列向动态规划；泡泡/墙纹/反光在候选阶段加代价，invalid_mask 列的 final_y_px 写 NaN；低中水位对下方亮块设置偏下惩罚
batch_waterline_reprocess_v5_regiondp_b.0,v4_manifest抽样帧/回归集,0010,6.1,1,D:\虚拟C盘\5.6实验\6.1\66554178dce29cb2d05657813da1c8d2.mp4,D:\虚拟C盘\5.6实验\水线重处理_v5_regiondp_b_回归集_20260507_193627\同源数据\0010__水位_6.1cm__视频01_66554178dce29cb2d05657813da1c8d2__水线重处理_v5_regiondp_b__同源final_y抽样帧数据.npz,D:\虚拟C盘\5.6实验\水线重处理_v5_regiondp_b_回归集_20260507_193627\同源数据\0010__水位_6.1cm__视频01_66554178dce29cb2d05657813da1c8d2__水线重处理_v5_regiondp_b__逐帧汇总.csv,D:\虚拟C盘\5.6实验\水线重处理_v5_regiondp_b_回归集_20260507_193627\同源数据\0010__水位_6.1cm__视频01_66554178dce29cb2d05657813da1c8d2__水线重处理_v5_regiondp_b__逐列数据.csv,D:\虚拟C盘\5.6实验\水线重处理_v5_regiondp_b_回归集_20260507_193627\审核图集\0010__水位_6.1cm__视频01_66554178dce29cb2d05657813da1c8d2__水线重处理_v5_regiondp_b__审核图.png,1,0,0.0000,30.000000,142,1280,248.00,342.00,285.00,285.5000,285.5000,1239,41,1239,0,41,41,0.0320,41,0.0320,41,0.0320,41,0.0320,0.2509,0.6416,低风险,8.83,候选弱响应103列；泡泡/墙纹降权187列；可靠性P10偏低,0,103,187,0,0,0,0,0,0,0,regiondp_b：先以区域主水体灰绿边界建代价，再做列向动态规划；泡泡/墙纹/反光在候选阶段加代价，invalid_mask 列的 final_y_px 写 NaN；低中水位对下方亮块设置偏下惩罚
batch_waterline_reprocess_v5_regiondp_b.0,v4_manifest抽样帧/回归集,0010,6.1,1,D:\虚拟C盘\5.6实验\6.1\66554178dce29cb2d05657813da1c8d2.mp4,D:\虚拟C盘\5.6实验\水线重处理_v5_regiondp_b_回归集_20260507_193627\同源数据\0010__水位_6.1cm__视频01_66554178dce29cb2d05657813da1c8d2__水线重处理_v5_regiondp_b__同源final_y抽样帧数据.npz,D:\虚拟C盘\5.6实验\水线重处理_v5_regiondp_b_回归集_20260507_193627\同源数据\0010__水位_6.1cm__视频01_66554178dce29cb2d05657813da1c8d2__水线重处理_v5_regiondp_b__逐帧汇总.csv,D:\虚拟C盘\5.6实验\水线重处理_v5_regiondp_b_回归集_20260507_193627\同源数据\0010__水位_6.1cm__视频01_66554178dce29cb2d05657813da1c8d2__水线重处理_v5_regiondp_b__逐列数据.csv,D:\虚拟C盘\5.6实验\水线重处理_v5_regiondp_b_回归集_20260507_193627\审核图集\0010__水位_6.1cm__视频01_66554178dce29cb2d05657813da1c8d2__水线重处理_v5_regiondp_b__审核图.png,2,18,0.6000,30.000000,142,1280,248.00,342.00,285.00,285.5000,285.5000,1280,0,1280,0,0,0,0.0000,0,0.0000,0,0.0000,0,0.0000,0.1077,0.6805,低风险,12.86,候选弱响应80列；泡泡/墙纹降权180列；可靠性P10偏低,0,80,180,0,0,0,0,0,0,0,regiondp_b：先以区域主水体灰绿边界建代价，再做列向动态规划；泡泡/墙纹/反光在候选阶段加代价，invalid_mask 列的 final_y_px 写 NaN；低中水位对下方亮块设置偏下惩罚
batch_waterline_reprocess_v5_regiondp_b.0,v4_manifest抽样帧/回归集,0010,6.1,1,D:\虚拟C盘\5.6实验\6.1\66554178dce29cb2d05657813da1c8d2.mp4,D:\虚拟C盘\5.6实验\水线重处理_v5_regiondp_b_回归集_20260507_193627\同源数据\0010__水位_6.1cm__视频01_66554178dce29cb2d05657813da1c8d2__水线重处理_v5_regiondp_b__同源final_y抽样帧数据.npz,D:\虚拟C盘\5.6实验\水线重处理_v5_regiondp_b_回归集_20260507_193627\同源数据\0010__水位_6.1cm__视频01_66554178dce29cb2d05657813da1c8d2__水线重处理_v5_regiondp_b__逐帧汇总.csv,D:\虚拟C盘\5.6实验\水线重处理_v5_regiondp_b_回归集_20260507_193627\同源数据\0010__水位_6.1cm__视频01_66554178dce29cb2d05657813da1c8d2__水线重处理_v5_regiondp_b__逐列数据.csv,D:\虚拟C盘\5.6实验\水线重处理_v5_regiondp_b_回归集_20260507_193627\审核图集\0010__水位_6.1cm__视频01_66554178dce29cb2d05657813da1c8d2__水线重处理_v5_regiondp_b__审核图.png,3,35,1.1667,30.000000,142,1280,248.00,342.00,285.00,285.5000,285.5000,1270,10,1270,0,10,10,0.0078,10,0.0078,10,0.0078,10,0.0078,0.3057,0.7205,低风险,3.25,候选弱响应83列；泡泡/墙纹降权122列,0,83,122,0,0,0,0,0,0,0,regiondp_b：先以区域主水体灰绿边界建代价，再做列向动态规划；泡泡/墙纹/反光在候选阶段加代价，invalid_mask 列的 final_y_px 写 NaN；低中水位对下方亮块设置偏下惩罚
batch_waterline_reprocess_v5_regiondp_b.0,v4_manifest抽样帧/回归集,0010,6.1,1,D:\虚拟C盘\5.6实验\6.1\66554178dce29cb2d05657813da1c8d2.mp4,D:\虚拟C盘\5.6实验\水线重处理_v5_regiondp_b_回归集_20260507_193627\同源数据\0010__水位_6.1cm__视频01_66554178dce29cb2d05657813da1c8d2__水线重处理_v5_regiondp_b__同源final_y抽样帧数据.npz,D:\虚拟C盘\5.6实验\水线重处理_v5_regiondp_b_回归集_20260507_193627\同源数据\0010__水位_6.1cm__视频01_66554178dce29cb2d05657813da1c8d2__水线重处理_v5_regiondp_b__逐帧汇总.csv,D:\虚拟C盘\5.6实验\水线重处理_v5_regiondp_b_回归集_20260507_193627\同源数据\0010__水位_6.1cm__视频01_66554178dce29cb2d05657813da1c8d2__水线重处理_v5_regiondp_b__逐列数据.csv,D:\虚拟C盘\5.6实验\水线重处理_v5_regiondp_b_回归集_20260507_193627\审核图集\0010__水位_6.1cm__视频01_66554178dce29cb2d05657813da1c8d2__水线重处理_v5_regiondp_b__审核图.png,4,53,1.7667,30.000000,142,1280,246.00,340.00,283.00,285.5000,285.5000,1257,23,1257,0,23,23,0.0180,23,0.0180,23,0.0180,23,0.0180,0.1370,0.8424,低风险,15.53,候选弱响应87列；泡泡/墙纹降权267列；可靠性P10偏低,0,87,267,0,0,0,0,0,0,0,regiondp_b：先以区域主水体灰绿边界建代价，再做列向动态规划；泡泡/墙纹/反光在候选阶段加代价，invalid_mask 列的 final_y_px 写 NaN；低中水位对下方亮块设置偏下惩罚
batch_waterline_reprocess_v5_regiondp_b.0,v4_manifest抽样帧/回归集,0010,6.1,1,D:\虚拟C盘\5.6实验\6.1\66554178dce29cb2d05657813da1c8d2.mp4,D:\虚拟C盘\5.6实验\水线重处理_v5_regiondp_b_回归集_20260507_193627\同源数据\0010__水位_6.1cm__视频01_66554178dce29cb2d05657813da1c8d2__水线重处理_v5_regiondp_b__同源final_y抽样帧数据.npz,D:\虚拟C盘\5.6实验\水线重处理_v5_regiondp_b_回归集_20260507_193627\同源数据\0010__水位_6.1cm__视频01_66554178dce29cb2d05657813da1c8d2__水线重处理_v5_regiondp_b__逐帧汇总.csv,D:\虚拟C盘\5.6实验\水线重处理_v5_regiondp_b_回归集_20260507_193627\同源数据\0010__水位_6.1cm__视频01_66554178dce29cb2d05657813da1c8d2__水线重处理_v5_regiondp_b__逐列数据.csv,D:\虚拟C盘\5.6实验\水线重处理_v5_regiondp_b_回归集_20260507_193627\审核图集\0010__水位_6.1cm__视频01_66554178dce29cb2d05657813da1c8d2__水线重处理_v5_regiondp_b__审核图.png,5,70,2.3333,30.000000,142,1280,262.00,356.00,299.00,299.5000,299.2515,1134,146,1134,0,146,146,0.1141,146,0.1141,100,0.0781,100,0.0781,0.4515,0.8987,低风险,11.42,候选弱响应139列；泡泡/墙纹降权89列；反光降权222列,0,139,89,222,0,0,0,0,0,0,regiondp_b：先以区域主水体灰绿边界建代价，再做列向动态规划；泡泡/墙纹/反光在候选阶段加代价，invalid_mask 列的 final_y_px 写 NaN；低中水位对下方亮块设置偏下惩罚
batch_waterline_reprocess_v5_regiondp_b.0,v4_manifest抽样帧/回归集,0010,6.1,1,D:\虚拟C盘\5.6实验\6.1\66554178dce29cb2d05657813da1c8d2.mp4,D:\虚拟C盘\5.6实验\水线重处理_v5_regiondp_b_回归集_20260507_193627\同源数据\0010__水位_6.1cm__视频01_66554178dce29cb2d05657813da1c8d2__水线重处理_v5_regiondp_b__同源final_y抽样帧数据.npz,D:\虚拟C盘\5.6实验\水线重处理_v5_regiondp_b_回归集_20260507_193627\同源数据\0010__水位_6.1cm__视频01_66554178dce29cb2d05657813da1c8d2__水线重处理_v5_regiondp_b__逐帧汇总.csv,D:\虚拟C盘\5.6实验\水线重处理_v5_regiondp_b_回归集_20260507_193627\同源数据\0010__水位_6.1cm__视频01_66554178dce29cb2d05657813da1c8d2__水线重处理_v5_regiondp_b__逐列数据.csv,D:\虚拟C盘\5.6实验\水线重处理_v5_regiondp_b_回归集_20260507_193627\审核图集\0010__水位_6.1cm__视频01_66554178dce29cb2d05657813da1c8d2__水线重处理_v5_regiondp_b__审核图.png,6,88,2.9333,30.000000,142,1280,264.00,358.00,301.00,301.5000,301.0423,1152,128,1152,0,128,128,0.1000,128,0.1000,56,0.0437,56,0.0437,0.2423,0.8331,低风险,17.05,候选弱响应125列；泡泡/墙纹降权231列；反光降权129列；可靠性P10偏低,0,125,231,129,0,0,0,0,0,0,regiondp_b：先以区域主水体灰绿边界建代价，再做列向动态规划；泡泡/墙纹/反光在候选阶段加代价，invalid_mask 列的 final_y_px 写 NaN；低中水位对下方亮块设置偏下惩罚
batch_waterline_reprocess_v5_regiondp_b.0,v4_manifest抽样帧/回归集,0010,6.1,1,D:\虚拟C盘\5.6实验\6.1\66554178dce29cb2d05657813da1c8d2.mp4,D:\虚拟C盘\5.6实验\水线重处理_v5_regiondp_b_回归集_20260507_193627\同源数据\0010__水位_6.1cm__视频01_66554178dce29cb2d05657813da1c8d2__水线重处理_v5_regiondp_b__同源final_y抽样帧数据.npz,D:\虚拟C盘\5.6实验\水线重处理_v5_regiondp_b_回归集_20260507_193627\同源数据\0010__水位_6.1cm__视频01_66554178dce29cb2d05657813da1c8d2__水线重处理_v5_regiondp_b__逐帧汇总.csv,D:\虚拟C盘\5.6实验\水线重处理_v5_regiondp_b_回归集_20260507_193627\同源数据\0010__水位_6.1cm__视频01_66554178dce29cb2d05657813da1c8d2__水线重处理_v5_regiondp_b__逐列数据.csv,D:\虚拟C盘\5.6实验\水线重处理_v5_regiondp_b_回归集_20260507_193627\审核图集\0010__水位_6.1cm__视频01_66554178dce29cb2d05657813da1c8d2__水线重处理_v5_regiondp_b__审核图.png,7,106,3.5333,30.000000,142,1280,235.00,329.00,272.00,277.5000,277.5679,1249,31,1249,0,31,31,0.0242,31,0.0242,31,0.0242,31,0.0242,0.1162,0.7318,低风险,15.66,候选弱响应141列；泡泡/墙纹降权174列；可靠性P10偏低,0,141,174,0,0,0,0,0,0,0,regiondp_b：先以区域主水体灰绿边界建代价，再做列向动态规划；泡泡/墙纹/反光在候选阶段加代价，invalid_mask 列的 final_y_px 写 NaN；低中水位对下方亮块设置偏下惩罚
batch_waterline_reprocess_v5_regiondp_b.0,v4_manifest抽样帧/回归集,0010,6.1,1,D:\虚拟C盘\5.6实验\6.1\66554178dce29cb2d05657813da1c8d2.mp4,D:\虚拟C盘\5.6实验\水线重处理_v5_regiondp_b_回归集_20260507_193627\同源数据\0010__水位_6.1cm__视频01_66554178dce29cb2d05657813da1c8d2__水线重处理_v5_regiondp_b__同源final_y抽样帧数据.npz,D:\虚拟C盘\5.6实验\水线重处理_v5_regiondp_b_回归集_20260507_193627\同源数据\0010__水位_6.1cm__视频01_66554178dce29cb2d05657813da1c8d2__水线重处理_v5_regiondp_b__逐帧汇总.csv,D:\虚拟C盘\5.6实验\水线重处理_v5_regiondp_b_回归集_20260507_193627\同源数据\0010__水位_6.1cm__视频01_66554178dce29cb2d05657813da1c8d2__水线重处理_v5_regiondp_b__逐列数据.csv,D:\虚拟C盘\5.6实验\水线重处理_v5_regiondp_b_回归集_20260507_193627\审核图集\0010__水位_6.1cm__视频01_66554178dce29cb2d05657813da1c8d2__水线重处理_v5_regiondp_b__审核图.png,8,123,4.1000,30.000000,142,1280,216.00,310.00,253.00,255.5000,255.1675,1268,12,1268,0,12,12,0.0094,12,0.0094,7,0.0055,7,0.0055,0.0000,0.5839,低风险,25.47,候选弱响应139列；泡泡/墙纹降权32列；端部边界44列；可靠性P10偏低；端部弯折需核对,0,139,32,0,44,0,0,0,0,0,regiondp_b：先以区域主水体灰绿边界建代价，再做列向动态规划；泡泡/墙纹/反光在候选阶段加代价，invalid_mask 列的 final_y_px 写 NaN；低中水位对下方亮块设置偏下惩罚
batch_waterline_reprocess_v5_regiondp_b.0,v4_manifest抽样帧/回归集,0010,6.1,1,D:\虚拟C盘\5.6实验\6.1\66554178dce29cb2d05657813da1c8d2.mp4,D:\虚拟C盘\5.6实验\水线重处理_v5_regiondp_b_回归集_20260507_193627\同源数据\0010__水位_6.1cm__视频01_66554178dce29cb2d05657813da1c8d2__水线重处理_v5_regiondp_b__同源final_y抽样帧数据.npz,D:\虚拟C盘\5.6实验\水线重处理_v5_regiondp_b_回归集_20260507_193627\同源数据\0010__水位_6.1cm__视频01_66554178dce29cb2d05657813da1c8d2__水线重处理_v5_regiondp_b__逐帧汇总.csv,D:\虚拟C盘\5.6实验\水线重处理_v5_regiondp_b_回归集_20260507_193627\同源数据\0010__水位_6.1cm__视频01_66554178dce29cb2d05657813da1c8d2__水线重处理_v5_regiondp_b__逐列数据.csv,D:\虚拟C盘\5.6实验\水线重处理_v5_regiondp_b_回归集_20260507_193627\审核图集\0010__水位_6.1cm__视频01_66554178dce29cb2d05657813da1c8d2__水线重处理_v5_regiondp_b__审核图.png,9,141,4.7000,30.000000,142,1280,0.00,719.00,nan,,,0,1280,0,0,1280,1280,1.0000,0,0.0000,0,0.0000,1280,1.0000,0.0000,0.0000,高风险,88.00,整帧无效1280列；无效列占比偏高；连续无效段偏长；可靠性P10偏低,1280,0,0,0,0,0,0,0,0,0,黑帧/极暗帧，整帧无效且 final_y_px 写 NaN
batch_waterline_reprocess_v5_regiondp_b.0,v4_manifest抽样帧/回归集,0017,16,1,D:\虚拟C盘\5.6实验\16\81e2d919ff91e659deb65e7b8afa095a.mp4,D:\虚拟C盘\5.6实验\水线重处理_v5_regiondp_b_回归集_20260507_193627\同源数据\0017__水位_16cm__视频01_81e2d919ff91e659deb65e7b8afa095a__水线重处理_v5_regiondp_b__同源final_y抽样帧数据.npz,D:\虚拟C盘\5.6实验\水线重处理_v5_regiondp_b_回归集_20260507_193627\同源数据\0017__水位_16cm__视频01_81e2d919ff91e659deb65e7b8afa095a__水线重处理_v5_regiondp_b__逐帧汇总.csv,D:\虚拟C盘\5.6实验\水线重处理_v5_regiondp_b_回归集_20260507_193627\同源数据\0017__水位_16cm__视频01_81e2d919ff91e659deb65e7b8afa095a__水线重处理_v5_regiondp_b__逐列数据.csv,D:\虚拟C盘\5.6实验\水线重处理_v5_regiondp_b_回归集_20260507_193627\审核图集\0017__水位_16cm__视频01_81e2d919ff91e659deb65e7b8afa095a__水线重处理_v5_regiondp_b__审核图.png,1,0,0.0000,29.000081,116,1280,197.00,300.00,236.00,236.5000,236.5000,1148,132,1148,0,132,132,0.1031,132,0.1031,63,0.0492,63,0.0492,0.0000,0.5055,低风险,26.67,候选弱响应481列；端部边界73列；高水位上浮防护59列；可靠性P10偏低,0,481,0,0,73,0,0,0,59,0,regiondp_b：先以区域主水体灰绿边界建代价，再做列向动态规划；泡泡/墙纹/反光在候选阶段加代价，invalid_mask 列的 final_y_px 写 NaN；高水位采用偏下主边界防止整体上浮
batch_waterline_reprocess_v5_regiondp_b.0,v4_manifest抽样帧/回归集,0017,16,1,D:\虚拟C盘\5.6实验\16\81e2d919ff91e659deb65e7b8afa095a.mp4,D:\虚拟C盘\5.6实验\水线重处理_v5_regiondp_b_回归集_20260507_193627\同源数据\0017__水位_16cm__视频01_81e2d919ff91e659deb65e7b8afa095a__水线重处理_v5_regiondp_b__同源final_y抽样帧数据.npz,D:\虚拟C盘\5.6实验\水线重处理_v5_regiondp_b_回归集_20260507_193627\同源数据\0017__水位_16cm__视频01_81e2d919ff91e659deb65e7b8afa095a__水线重处理_v5_regiondp_b__逐帧汇总.csv,D:\虚拟C盘\5.6实验\水线重处理_v5_regiondp_b_回归集_20260507_193627\同源数据\0017__水位_16cm__视频01_81e2d919ff91e659deb65e7b8afa095a__水线重处理_v5_regiondp_b__逐列数据.csv,D:\虚拟C盘\5.6实验\水线重处理_v5_regiondp_b_回归集_20260507_193627\审核图集\0017__水位_16cm__视频01_81e2d919ff91e659deb65e7b8afa095a__水线重处理_v5_regiondp_b__审核图.png,2,16,0.5517,29.000081,116,1280,197.00,300.00,236.00,235.5000,235.4333,1204,76,1204,0,76,76,0.0594,76,0.0594,51,0.0398,51,0.0398,0.0000,0.4799,低风险,33.47,候选弱响应416列；泡泡/墙纹降权25列；端部边界78列；高水位上浮防护25列；可靠性P10偏低；端部弯折需核对,0,416,25,0,78,0,0,0,25,0,regiondp_b：先以区域主水体灰绿边界建代价，再做列向动态规划；泡泡/墙纹/反光在候选阶段加代价，invalid_mask 列的 final_y_px 写 NaN；高水位采用偏下主边界防止整体上浮
batch_waterline_reprocess_v5_regiondp_b.0,v4_manifest抽样帧/回归集,0017,16,1,D:\虚拟C盘\5.6实验\16\81e2d919ff91e659deb65e7b8afa095a.mp4,D:\虚拟C盘\5.6实验\水线重处理_v5_regiondp_b_回归集_20260507_193627\同源数据\0017__水位_16cm__视频01_81e2d919ff91e659deb65e7b8afa095a__水线重处理_v5_regiondp_b__同源final_y抽样帧数据.npz,D:\虚拟C盘\5.6实验\水线重处理_v5_regiondp_b_回归集_20260507_193627\同源数据\0017__水位_16cm__视频01_81e2d919ff91e659deb65e7b8afa095a__水线重处理_v5_regiondp_b__逐帧汇总.csv,D:\虚拟C盘\5.6实验\水线重处理_v5_regiondp_b_回归集_20260507_193627\同源数据\0017__水位_16cm__视频01_81e2d919ff91e659deb65e7b8afa095a__水线重处理_v5_regiondp_b__逐列数据.csv,D:\虚拟C盘\5.6实验\水线重处理_v5_regiondp_b_回归集_20260507_193627\审核图集\0017__水位_16cm__视频01_81e2d919ff91e659deb65e7b8afa095a__水线重处理_v5_regiondp_b__审核图.png,3,33,1.1379,29.000081,116,1280,201.00,304.00,240.00,240.5000,240.5103,1226,54,1226,0,54,54,0.0422,54,0.0422,29,0.0227,29,0.0227,0.0000,0.4417,低风险,22.14,候选弱响应559列；端部边界59列；可靠性P10偏低,0,559,0,0,59,0,0,0,0,0,regiondp_b：先以区域主水体灰绿边界建代价，再做列向动态规划；泡泡/墙纹/反光在候选阶段加代价，invalid_mask 列的 final_y_px 写 NaN；高水位采用偏下主边界防止整体上浮
batch_waterline_reprocess_v5_regiondp_b.0,v4_manifest抽样帧/回归集,0017,16,1,D:\虚拟C盘\5.6实验\16\81e2d919ff91e659deb65e7b8afa095a.mp4,D:\虚拟C盘\5.6实验\水线重处理_v5_regiondp_b_回归集_20260507_193627\同源数据\0017__水位_16cm__视频01_81e2d919ff91e659deb65e7b8afa095a__水线重处理_v5_regiondp_b__同源final_y抽样帧数据.npz,D:\虚拟C盘\5.6实验\水线重处理_v5_regiondp_b_回归集_20260507_193627\同源数据\0017__水位_16cm__视频01_81e2d919ff91e659deb65e7b8afa095a__水线重处理_v5_regiondp_b__逐帧汇总.csv,D:\虚拟C盘\5.6实验\水线重处理_v5_regiondp_b_回归集_20260507_193627\同源数据\0017__水位_16cm__视频01_81e2d919ff91e659deb65e7b8afa095a__水线重处理_v5_regiondp_b__逐列数据.csv,D:\虚拟C盘\5.6实验\水线重处理_v5_regiondp_b_回归集_20260507_193627\审核图集\0017__水位_16cm__视频01_81e2d919ff91e659deb65e7b8afa095a__水线重处理_v5_regiondp_b__审核图.png,4,49,1.6897,29.000081,116,1280,65.00,168.00,104.00,,,0,1280,0,0,1280,1280,1.0000,0,0.0000,0,0.0000,1280,1.0000,0.0000,0.0000,高风险,88.00,整帧无效1280列；高水位上浮防护1280列；无效列占比偏高；连续无效段偏长；可靠性P10偏低,1280,0,0,0,0,0,0,0,1280,0,高水位跨宫格一致性门禁：同视频候选分裂为上下两簇，本帧 base_y=104.0 明显偏上，按低可信整帧无效化
batch_waterline_reprocess_v5_regiondp_b.0,v4_manifest抽样帧/回归集,0017,16,1,D:\虚拟C盘\5.6实验\16\81e2d919ff91e659deb65e7b8afa095a.mp4,D:\虚拟C盘\5.6实验\水线重处理_v5_regiondp_b_回归集_20260507_193627\同源数据\0017__水位_16cm__视频01_81e2d919ff91e659deb65e7b8afa095a__水线重处理_v5_regiondp_b__同源final_y抽样帧数据.npz,D:\虚拟C盘\5.6实验\水线重处理_v5_regiondp_b_回归集_20260507_193627\同源数据\0017__水位_16cm__视频01_81e2d919ff91e659deb65e7b8afa095a__水线重处理_v5_regiondp_b__逐帧汇总.csv,D:\虚拟C盘\5.6实验\水线重处理_v5_regiondp_b_回归集_20260507_193627\同源数据\0017__水位_16cm__视频01_81e2d919ff91e659deb65e7b8afa095a__水线重处理_v5_regiondp_b__逐列数据.csv,D:\虚拟C盘\5.6实验\水线重处理_v5_regiondp_b_回归集_20260507_193627\审核图集\0017__水位_16cm__视频01_81e2d919ff91e659deb65e7b8afa095a__水线重处理_v5_regiondp_b__审核图.png,5,66,2.2759,29.000081,116,1280,188.00,291.00,227.00,226.5000,226.3304,1259,21,1259,0,21,21,0.0164,21,0.0164,21,0.0164,21,0.0164,0.0000,0.6352,低风险,20.68,候选弱响应284列；泡泡/墙纹降权90列；反光降权16列；可靠性P10偏低,0,284,90,16,0,0,0,0,0,0,regiondp_b：先以区域主水体灰绿边界建代价，再做列向动态规划；泡泡/墙纹/反光在候选阶段加代价，invalid_mask 列的 final_y_px 写 NaN；高水位采用偏下主边界防止整体上浮
batch_waterline_reprocess_v5_regiondp_b.0,v4_manifest抽样帧/回归集,0017,16,1,D:\虚拟C盘\5.6实验\16\81e2d919ff91e659deb65e7b8afa095a.mp4,D:\虚拟C盘\5.6实验\水线重处理_v5_regiondp_b_回归集_20260507_193627\同源数据\0017__水位_16cm__视频01_81e2d919ff91e659deb65e7b8afa095a__水线重处理_v5_regiondp_b__同源final_y抽样帧数据.npz,D:\虚拟C盘\5.6实验\水线重处理_v5_regiondp_b_回归集_20260507_193627\同源数据\0017__水位_16cm__视频01_81e2d919ff91e659deb65e7b8afa095a__水线重处理_v5_regiondp_b__逐帧汇总.csv,D:\虚拟C盘\5.6实验\水线重处理_v5_regiondp_b_回归集_20260507_193627\同源数据\0017__水位_16cm__视频01_81e2d919ff91e659deb65e7b8afa095a__水线重处理_v5_regiondp_b__逐列数据.csv,D:\虚拟C盘\5.6实验\水线重处理_v5_regiondp_b_回归集_20260507_193627\审核图集\0017__水位_16cm__视频01_81e2d919ff91e659deb65e7b8afa095a__水线重处理_v5_regiondp_b__审核图.png,6,82,2.8276,29.000081,116,1280,69.00,172.00,108.00,,,0,1280,0,0,1280,1280,1.0000,0,0.0000,0,0.0000,1280,1.0000,0.0000,0.0000,高风险,88.00,整帧无效1280列；高水位上浮防护1280列；无效列占比偏高；连续无效段偏长；可靠性P10偏低,1280,0,0,0,0,0,0,0,1280,0,高水位跨宫格一致性门禁：同视频候选分裂为上下两簇，本帧 base_y=108.0 明显偏上，按低可信整帧无效化
batch_waterline_reprocess_v5_regiondp_b.0,v4_manifest抽样帧/回归集,0017,16,1,D:\虚拟C盘\5.6实验\16\81e2d919ff91e659deb65e7b8afa095a.mp4,D:\虚拟C盘\5.6实验\水线重处理_v5_regiondp_b_回归集_20260507_193627\同源数据\0017__水位_16cm__视频01_81e2d919ff91e659deb65e7b8afa095a__水线重处理_v5_regiondp_b__同源final_y抽样帧数据.npz,D:\虚拟C盘\5.6实验\水线重处理_v5_regiondp_b_回归集_20260507_193627\同源数据\0017__水位_16cm__视频01_81e2d919ff91e659deb65e7b8afa095a__水线重处理_v5_regiondp_b__逐帧汇总.csv,D:\虚拟C盘\5.6实验\水线重处理_v5_regiondp_b_回归集_20260507_193627\同源数据\0017__水位_16cm__视频01_81e2d919ff91e659deb65e7b8afa095a__水线重处理_v5_regiondp_b__逐列数据.csv,D:\虚拟C盘\5.6实验\水线重处理_v5_regiondp_b_回归集_20260507_193627\审核图集\0017__水位_16cm__视频01_81e2d919ff91e659deb65e7b8afa095a__水线重处理_v5_regiondp_b__审核图.png,7,99,3.4138,29.000081,116,1280,67.00,170.00,106.00,,,0,1280,0,0,1280,1280,1.0000,0,0.0000,0,0.0000,1280,1.0000,0.0000,0.0000,高风险,88.00,整帧无效1280列；高水位上浮防护1280列；无效列占比偏高；连续无效段偏长；可靠性P10偏低,1280,0,0,0,0,0,0,0,1280,0,高水位跨宫格一致性门禁：同视频候选分裂为上下两簇，本帧 base_y=106.0 明显偏上，按低可信整帧无效化
batch_waterline_reprocess_v5_regiondp_b.0,v4_manifest抽样帧/回归集,0017,16,1,D:\虚拟C盘\5.6实验\16\81e2d919ff91e659deb65e7b8afa095a.mp4,D:\虚拟C盘\5.6实验\水线重处理_v5_regiondp_b_回归集_20260507_193627\同源数据\0017__水位_16cm__视频01_81e2d919ff91e659deb65e7b8afa095a__水线重处理_v5_regiondp_b__同源final_y抽样帧数据.npz,D:\虚拟C盘\5.6实验\水线重处理_v5_regiondp_b_回归集_20260507_193627\同源数据\0017__水位_16cm__视频01_81e2d919ff91e659deb65e7b8afa095a__水线重处理_v5_regiondp_b__逐帧汇总.csv,D:\虚拟C盘\5.6实验\水线重处理_v5_regiondp_b_回归集_20260507_193627\同源数据\0017__水位_16cm__视频01_81e2d919ff91e659deb65e7b8afa095a__水线重处理_v5_regiondp_b__逐列数据.csv,D:\虚拟C盘\5.6实验\水线重处理_v5_regiondp_b_回归集_20260507_193627\审核图集\0017__水位_16cm__视频01_81e2d919ff91e659deb65e7b8afa095a__水线重处理_v5_regiondp_b__审核图.png,8,115,3.9655,29.000081,116,1280,89.00,192.00,128.00,,,0,1280,0,0,1280,1280,1.0000,0,0.0000,0,0.0000,1280,1.0000,0.0000,0.0000,高风险,88.00,整帧无效1280列；高水位上浮防护1280列；无效列占比偏高；连续无效段偏长；可靠性P10偏低,1280,0,0,0,0,0,0,0,1280,0,高水位跨宫格一致性门禁：同视频候选分裂为上下两簇，本帧 base_y=128.0 明显偏上，按低可信整帧无效化
batch_waterline_reprocess_v5_regiondp_b.0,v4_manifest抽样帧/回归集,0018,18,1,D:\虚拟C盘\5.6实验\18\397154a618e9b1157a446bc00c3ff6e0.mp4,D:\虚拟C盘\5.6实验\水线重处理_v5_regiondp_b_回归集_20260507_193627\同源数据\0018__水位_18cm__视频01_397154a618e9b1157a446bc00c3ff6e0__水线重处理_v5_regiondp_b__同源final_y抽样帧数据.npz,D:\虚拟C盘\5.6实验\水线重处理_v5_regiondp_b_回归集_20260507_193627\同源数据\0018__水位_18cm__视频01_397154a618e9b1157a446bc00c3ff6e0__水线重处理_v5_regiondp_b__逐帧汇总.csv,D:\虚拟C盘\5.6实验\水线重处理_v5_regiondp_b_回归集_20260507_193627\同源数据\0018__水位_18cm__视频01_397154a618e9b1157a446bc00c3ff6e0__水线重处理_v5_regiondp_b__逐列数据.csv,D:\虚拟C盘\5.6实验\水线重处理_v5_regiondp_b_回归集_20260507_193627\审核图集\0018__水位_18cm__视频01_397154a618e9b1157a446bc00c3ff6e0__水线重处理_v5_regiondp_b__审核图.png,1,0,0.0000,30.000000,135,1280,161.00,264.00,200.00,199.5000,198.9471,1238,42,1238,0,42,42,0.0328,42,0.0328,33,0.0258,33,0.0258,0.0000,0.7101,低风险,23.74,候选弱响应196列；端部边界44列；可靠性P10偏低,0,196,0,0,44,0,0,0,0,0,regiondp_b：先以区域主水体灰绿边界建代价，再做列向动态规划；泡泡/墙纹/反光在候选阶段加代价，invalid_mask 列的 final_y_px 写 NaN；高水位采用偏下主边界防止整体上浮
batch_waterline_reprocess_v5_regiondp_b.0,v4_manifest抽样帧/回归集,0018,18,1,D:\虚拟C盘\5.6实验\18\397154a618e9b1157a446bc00c3ff6e0.mp4,D:\虚拟C盘\5.6实验\水线重处理_v5_regiondp_b_回归集_20260507_193627\同源数据\0018__水位_18cm__视频01_397154a618e9b1157a446bc00c3ff6e0__水线重处理_v5_regiondp_b__同源final_y抽样帧数据.npz,D:\虚拟C盘\5.6实验\水线重处理_v5_regiondp_b_回归集_20260507_193627\同源数据\0018__水位_18cm__视频01_397154a618e9b1157a446bc00c3ff6e0__水线重处理_v5_regiondp_b__逐帧汇总.csv,D:\虚拟C盘\5.6实验\水线重处理_v5_regiondp_b_回归集_20260507_193627\同源数据\0018__水位_18cm__视频01_397154a618e9b1157a446bc00c3ff6e0__水线重处理_v5_regiondp_b__逐列数据.csv,D:\虚拟C盘\5.6实验\水线重处理_v5_regiondp_b_回归集_20260507_193627\审核图集\0018__水位_18cm__视频01_397154a618e9b1157a446bc00c3ff6e0__水线重处理_v5_regiondp_b__审核图.png,2,17,0.5667,30.000000,135,1280,163.00,266.00,202.00,199.5000,199.1072,1260,20,1260,0,20,20,0.0156,20,0.0156,20,0.0156,20,0.0156,0.0000,0.6328,低风险,20.18,候选弱响应173列；端部边界20列；可靠性P10偏低,0,173,0,0,20,0,0,0,0,0,regiondp_b：先以区域主水体灰绿边界建代价，再做列向动态规划；泡泡/墙纹/反光在候选阶段加代价，invalid_mask 列的 final_y_px 写 NaN；高水位采用偏下主边界防止整体上浮
batch_waterline_reprocess_v5_regiondp_b.0,v4_manifest抽样帧/回归集,0018,18,1,D:\虚拟C盘\5.6实验\18\397154a618e9b1157a446bc00c3ff6e0.mp4,D:\虚拟C盘\5.6实验\水线重处理_v5_regiondp_b_回归集_20260507_193627\同源数据\0018__水位_18cm__视频01_397154a618e9b1157a446bc00c3ff6e0__水线重处理_v5_regiondp_b__同源final_y抽样帧数据.npz,D:\虚拟C盘\5.6实验\水线重处理_v5_regiondp_b_回归集_20260507_193627\同源数据\0018__水位_18cm__视频01_397154a618e9b1157a446bc00c3ff6e0__水线重处理_v5_regiondp_b__逐帧汇总.csv,D:\虚拟C盘\5.6实验\水线重处理_v5_regiondp_b_回归集_20260507_193627\同源数据\0018__水位_18cm__视频01_397154a618e9b1157a446bc00c3ff6e0__水线重处理_v5_regiondp_b__逐列数据.csv,D:\虚拟C盘\5.6实验\水线重处理_v5_regiondp_b_回归集_20260507_193627\审核图集\0018__水位_18cm__视频01_397154a618e9b1157a446bc00c3ff6e0__水线重处理_v5_regiondp_b__审核图.png,3,34,1.1333,30.000000,135,1280,160.00,263.00,199.00,197.5000,198.2451,1272,8,1272,0,8,8,0.0063,8,0.0063,8,0.0063,8,0.0063,0.0000,0.6427,低风险,20.61,候选弱响应169列；泡泡/墙纹降权143列；反光降权63列；可靠性P10偏低,0,169,143,63,0,0,0,0,0,0,regiondp_b：先以区域主水体灰绿边界建代价，再做列向动态规划；泡泡/墙纹/反光在候选阶段加代价，invalid_mask 列的 final_y_px 写 NaN；高水位采用偏下主边界防止整体上浮
batch_waterline_reprocess_v5_regiondp_b.0,v4_manifest抽样帧/回归集,0018,18,1,D:\虚拟C盘\5.6实验\18\397154a618e9b1157a446bc00c3ff6e0.mp4,D:\虚拟C盘\5.6实验\水线重处理_v5_regiondp_b_回归集_20260507_193627\同源数据\0018__水位_18cm__视频01_397154a618e9b1157a446bc00c3ff6e0__水线重处理_v5_regiondp_b__同源final_y抽样帧数据.npz,D:\虚拟C盘\5.6实验\水线重处理_v5_regiondp_b_回归集_20260507_193627\同源数据\0018__水位_18cm__视频01_397154a618e9b1157a446bc00c3ff6e0__水线重处理_v5_regiondp_b__逐帧汇总.csv,D:\虚拟C盘\5.6实验\水线重处理_v5_regiondp_b_回归集_20260507_193627\同源数据\0018__水位_18cm__视频01_397154a618e9b1157a446bc00c3ff6e0__水线重处理_v5_regiondp_b__逐列数据.csv,D:\虚拟C盘\5.6实验\水线重处理_v5_regiondp_b_回归集_20260507_193627\审核图集\0018__水位_18cm__视频01_397154a618e9b1157a446bc00c3ff6e0__水线重处理_v5_regiondp_b__审核图.png,4,50,1.6667,30.000000,135,1280,113.00,216.00,152.00,154.5000,155.2399,1214,66,1214,0,66,66,0.0516,66,0.0516,18,0.0141,18,0.0141,0.0000,0.5411,低风险,27.47,候选弱响应231列；泡泡/墙纹降权65列；反光降权10列；端部边界44列；可靠性P10偏低,0,231,65,10,44,0,0,0,0,0,regiondp_b：先以区域主水体灰绿边界建代价，再做列向动态规划；泡泡/墙纹/反光在候选阶段加代价，invalid_mask 列的 final_y_px 写 NaN；高水位采用偏下主边界防止整体上浮
batch_waterline_reprocess_v5_regiondp_b.0,v4_manifest抽样帧/回归集,0018,18,1,D:\虚拟C盘\5.6实验\18\397154a618e9b1157a446bc00c3ff6e0.mp4,D:\虚拟C盘\5.6实验\水线重处理_v5_regiondp_b_回归集_20260507_193627\同源数据\0018__水位_18cm__视频01_397154a618e9b1157a446bc00c3ff6e0__水线重处理_v5_regiondp_b__同源final_y抽样帧数据.npz,D:\虚拟C盘\5.6实验\水线重处理_v5_regiondp_b_回归集_20260507_193627\同源数据\0018__水位_18cm__视频01_397154a618e9b1157a446bc00c3ff6e0__水线重处理_v5_regiondp_b__逐帧汇总.csv,D:\虚拟C盘\5.6实验\水线重处理_v5_regiondp_b_回归集_20260507_193627\同源数据\0018__水位_18cm__视频01_397154a618e9b1157a446bc00c3ff6e0__水线重处理_v5_regiondp_b__逐列数据.csv,D:\虚拟C盘\5.6实验\水线重处理_v5_regiondp_b_回归集_20260507_193627\审核图集\0018__水位_18cm__视频01_397154a618e9b1157a446bc00c3ff6e0__水线重处理_v5_regiondp_b__审核图.png,5,67,2.2333,30.000000,135,1280,107.00,210.00,146.00,150.5000,149.9456,1196,84,1196,0,84,84,0.0656,84,0.0656,24,0.0187,24,0.0187,0.0000,0.5882,低风险,23.72,候选弱响应226列；泡泡/墙纹降权117列；端部边界26列；可靠性P10偏低,0,226,117,0,26,0,0,0,0,0,regiondp_b：先以区域主水体灰绿边界建代价，再做列向动态规划；泡泡/墙纹/反光在候选阶段加代价，invalid_mask 列的 final_y_px 写 NaN；高水位采用偏下主边界防止整体上浮
batch_waterline_reprocess_v5_regiondp_b.0,v4_manifest抽样帧/回归集,0018,18,1,D:\虚拟C盘\5.6实验\18\397154a618e9b1157a446bc00c3ff6e0.mp4,D:\虚拟C盘\5.6实验\水线重处理_v5_regiondp_b_回归集_20260507_193627\同源数据\0018__水位_18cm__视频01_397154a618e9b1157a446bc00c3ff6e0__水线重处理_v5_regiondp_b__同源final_y抽样帧数据.npz,D:\虚拟C盘\5.6实验\水线重处理_v5_regiondp_b_回归集_20260507_193627\同源数据\0018__水位_18cm__视频01_397154a618e9b1157a446bc00c3ff6e0__水线重处理_v5_regiondp_b__逐帧汇总.csv,D:\虚拟C盘\5.6实验\水线重处理_v5_regiondp_b_回归集_20260507_193627\同源数据\0018__水位_18cm__视频01_397154a618e9b1157a446bc00c3ff6e0__水线重处理_v5_regiondp_b__逐列数据.csv,D:\虚拟C盘\5.6实验\水线重处理_v5_regiondp_b_回归集_20260507_193627\审核图集\0018__水位_18cm__视频01_397154a618e9b1157a446bc00c3ff6e0__水线重处理_v5_regiondp_b__审核图.png,6,84,2.8000,30.000000,135,1280,153.00,256.00,192.00,189.5000,188.6116,1244,36,1244,0,36,36,0.0281,36,0.0281,11,0.0086,11,0.0086,0.0000,0.6494,低风险,23.84,候选弱响应205列；泡泡/墙纹降权146列；反光降权66列；端部边界37列；可靠性P10偏低,0,205,146,66,37,0,0,0,0,0,regiondp_b：先以区域主水体灰绿边界建代价，再做列向动态规划；泡泡/墙纹/反光在候选阶段加代价，invalid_mask 列的 final_y_px 写 NaN；高水位采用偏下主边界防止整体上浮
batch_waterline_reprocess_v5_regiondp_b.0,v4_manifest抽样帧/回归集,0018,18,1,D:\虚拟C盘\5.6实验\18\397154a618e9b1157a446bc00c3ff6e0.mp4,D:\虚拟C盘\5.6实验\水线重处理_v5_regiondp_b_回归集_20260507_193627\同源数据\0018__水位_18cm__视频01_397154a618e9b1157a446bc00c3ff6e0__水线重处理_v5_regiondp_b__同源final_y抽样帧数据.npz,D:\虚拟C盘\5.6实验\水线重处理_v5_regiondp_b_回归集_20260507_193627\同源数据\0018__水位_18cm__视频01_397154a618e9b1157a446bc00c3ff6e0__水线重处理_v5_regiondp_b__逐帧汇总.csv,D:\虚拟C盘\5.6实验\水线重处理_v5_regiondp_b_回归集_20260507_193627\同源数据\0018__水位_18cm__视频01_397154a618e9b1157a446bc00c3ff6e0__水线重处理_v5_regiondp_b__逐列数据.csv,D:\虚拟C盘\5.6实验\水线重处理_v5_regiondp_b_回归集_20260507_193627\审核图集\0018__水位_18cm__视频01_397154a618e9b1157a446bc00c3ff6e0__水线重处理_v5_regiondp_b__审核图.png,7,100,3.3333,30.000000,135,1280,166.00,269.00,205.00,202.5000,202.3986,1257,23,1257,0,23,23,0.0180,23,0.0180,14,0.0109,14,0.0109,0.0000,0.6309,低风险,23.04,候选弱响应148列；泡泡/墙纹降权134列；端部边界21列；可靠性P10偏低,0,148,134,0,21,0,0,0,0,0,regiondp_b：先以区域主水体灰绿边界建代价，再做列向动态规划；泡泡/墙纹/反光在候选阶段加代价，invalid_mask 列的 final_y_px 写 NaN；高水位采用偏下主边界防止整体上浮
batch_waterline_reprocess_v5_regiondp_b.0,v4_manifest抽样帧/回归集,0018,18,1,D:\虚拟C盘\5.6实验\18\397154a618e9b1157a446bc00c3ff6e0.mp4,D:\虚拟C盘\5.6实验\水线重处理_v5_regiondp_b_回归集_20260507_193627\同源数据\0018__水位_18cm__视频01_397154a618e9b1157a446bc00c3ff6e0__水线重处理_v5_regiondp_b__同源final_y抽样帧数据.npz,D:\虚拟C盘\5.6实验\水线重处理_v5_regiondp_b_回归集_20260507_193627\同源数据\0018__水位_18cm__视频01_397154a618e9b1157a446bc00c3ff6e0__水线重处理_v5_regiondp_b__逐帧汇总.csv,D:\虚拟C盘\5.6实验\水线重处理_v5_regiondp_b_回归集_20260507_193627\同源数据\0018__水位_18cm__视频01_397154a618e9b1157a446bc00c3ff6e0__水线重处理_v5_regiondp_b__逐列数据.csv,D:\虚拟C盘\5.6实验\水线重处理_v5_regiondp_b_回归集_20260507_193627\审核图集\0018__水位_18cm__视频01_397154a618e9b1157a446bc00c3ff6e0__水线重处理_v5_regiondp_b__审核图.png,8,117,3.9000,30.000000,135,1280,153.00,256.00,192.00,192.5000,192.3280,1214,66,1214,0,66,66,0.0516,66,0.0516,15,0.0117,15,0.0117,0.1189,0.7443,低风险,17.53,候选弱响应145列；泡泡/墙纹降权196列；反光降权27列；可靠性P10偏低,0,145,196,27,0,0,0,0,0,0,regiondp_b：先以区域主水体灰绿边界建代价，再做列向动态规划；泡泡/墙纹/反光在候选阶段加代价，invalid_mask 列的 final_y_px 写 NaN；高水位采用偏下主边界防止整体上浮
batch_waterline_reprocess_v5_regiondp_b.0,v4_manifest抽样帧/回归集,0018,18,1,D:\虚拟C盘\5.6实验\18\397154a618e9b1157a446bc00c3ff6e0.mp4,D:\虚拟C盘\5.6实验\水线重处理_v5_regiondp_b_回归集_20260507_193627\同源数据\0018__水位_18cm__视频01_397154a618e9b1157a446bc00c3ff6e0__水线重处理_v5_regiondp_b__同源final_y抽样帧数据.npz,D:\虚拟C盘\5.6实验\水线重处理_v5_regiondp_b_回归集_20260507_193627\同源数据\0018__水位_18cm__视频01_397154a618e9b1157a446bc00c3ff6e0__水线重处理_v5_regiondp_b__逐帧汇总.csv,D:\虚拟C盘\5.6实验\水线重处理_v5_regiondp_b_回归集_20260507_193627\同源数据\0018__水位_18cm__视频01_397154a618e9b1157a446bc00c3ff6e0__水线重处理_v5_regiondp_b__逐列数据.csv,D:\虚拟C盘\5.6实验\水线重处理_v5_regiondp_b_回归集_20260507_193627\审核图集\0018__水位_18cm__视频01_397154a618e9b1157a446bc00c3ff6e0__水线重处理_v5_regiondp_b__审核图.png,9,134,4.4667,30.000000,135,1280,167.00,270.00,206.00,204.5000,204.7758,1251,29,1251,0,29,29,0.0227,29,0.0227,29,0.0227,29,0.0227,0.0000,0.5721,低风险,30.40,候选弱响应295列；端部边界44列；可靠性P10偏低；端部弯折需核对,0,295,0,0,44,0,0,0,0,0,regiondp_b：先以区域主水体灰绿边界建代价，再做列向动态规划；泡泡/墙纹/反光在候选阶段加代价，invalid_mask 列的 final_y_px 写 NaN；高水位采用偏下主边界防止整体上浮
